{"RuleTriggered": 0, "Violations": 0, "Details": {"pin_memory": false, "num_workers": 0, "cores": 4, "dataloaders": 1, "dataloading_time": {"p25": 0.758951, "p50": 0.758951, "p95": 0.758951, "probs": [0, 0, 0, 0, 0, 0, 0, 0, 0, 0, 0, 0, 0, 0, 0, 0, 0, 0, 0, 0, 0, 0, 0, 0, 0, 0, 0, 0, 0, 0, 0, 0, 0, 0, 0, 0, 0, 0, 0, 0, 0, 0, 0, 0, 0, 0, 0, 0, 0, 0, 1, 0, 0, 0, 0, 0, 0, 0, 0, 0, 0, 0, 0, 0, 0, 0, 0, 0, 0, 0, 0, 0, 0, 0, 0, 0, 0, 0, 0, 0, 0, 0, 0, 0, 0, 0, 0, 0, 0, 0, 0, 0, 0, 0, 0, 0, 0, 0, 0, 0], "binedges": [0.25895100000000004, 0.26895100000000005, 0.27895100000000006, 0.28895100000000007, 0.298951, 0.30895100000000003, 0.31895100000000004, 0.32895100000000005, 0.33895100000000006, 0.348951, 0.358951, 0.36895100000000003, 0.37895100000000004, 0.38895100000000005, 0.39895100000000006, 0.40895100000000006, 0.4189510000000001, 0.4289510000000001, 0.43895100000000004, 0.44895100000000004, 0.45895100000000005, 0.468951, 0.478951, 0.488951, 0.49895100000000003, 0.508951, 0.518951, 0.5289510000000001, 0.5389510000000001, 0.548951, 0.558951, 0.568951, 0.578951, 0.588951, 0.598951, 0.608951, 0.618951, 0.628951, 0.638951, 0.6489510000000001, 0.6589510000000001, 0.6689510000000001, 0.6789510000000001, 0.6889510000000001, 0.6989510000000001, 0.7089510000000001, 0.7189510000000001, 0.7289510000000001, 0.738951, 0.748951, 0.758951, 0.768951, 0.7789510000000001, 0.7889510000000001, 0.7989510000000001, 0.8089510000000001, 0.8189510000000001, 0.8289510000000001, 0.838951, 0.848951, 0.858951, 0.868951, 0.878951, 0.888951, 0.8989510000000001, 0.9089510000000001, 0.9189510000000001, 0.9289510000000001, 0.9389510000000001, 0.9489510000000001, 0.9589510000000001, 0.968951, 0.978951, 0.988951, 0.998951, 1.0089510000000002, 1.018951, 1.0289510000000002, 1.038951, 1.0489510000000002, 1.058951, 1.0689510000000002, 1.078951, 1.0889510000000002, 1.098951, 1.108951, 1.118951, 1.128951, 1.138951, 1.148951, 1.158951, 1.168951, 1.178951, 1.188951, 1.198951, 1.208951, 1.2189510000000001, 1.228951, 1.2389510000000001, 1.248951, 1.2589510000000002]}}, "Datapoints": 1, "RuleParameters": "min_threshold:70\nmax_threshold:200"}