{"RuleTriggered": 0, "Violations": 0, "Details": {"step_num": {"first": 1693767023226675, "last": 1693767322802240}, "job_start": 1693766939.501049, "job_end": 1693767359.501699}, "Datapoints": 44, "RuleParameters": "threshold:20"}