{"RuleTriggered": 0, "Violations": 0, "Details": {"ratio": {"cpu_functions": 100.0}, "phase": {"Step:ModeKeys.TRAIN": 62.77375510987756, "others": -0.0842937291084639, "Step:ModeKeys.EVAL": 37.31053861923091}, "phase_time": {}, "CPU": {"aten::conv2d": 19.209448626700105, "aten::convolution": 19.208075824867652, "aten::_convolution": 19.207110399188732, "aten::mkldnn_convolution": 19.204869830344297, "aten::batch_norm": 6.859988415449901, "aten::_batch_norm_impl_index": 6.858570969655416, "aten::native_batch_norm": 6.856829855136202, "enumerate(DataLoader)#_SingleProcessDataLoaderIter.__next__": 2.5951060786576945}, "CPU_total": {"aten::conv2d": 6884496, "aten::convolution": 6884004, "aten::_convolution": 6883658, "aten::mkldnn_convolution": 6882855, "aten::batch_norm": 2458559, "aten::_batch_norm_impl_index": 2458051, "aten::native_batch_norm": 2457427, "enumerate(DataLoader)#_SingleProcessDataLoaderIter.__next__": 930063}, "general": {"DataLoaderIterInitialize": 0.00030532534892566, "DataLoaderIter": 0.2507867736931587, "Forward": 99.74890790095792}}, "Datapoints": 0, "RuleParameters": ""}